peptide,seq,start,end,score
KWKSFAKTFKSAKKTVAHTALKAISS,KSAK,9,13,0.0003650203907454852
KWKSFAKTFKSAKKTVAHTALKAISS,LKAISS,20,46,0.00010147110991126213
KWKSFLKTFKSLKKTVLHTLLKAISS,VLHT,15,19,0.00024492830198141746
KWKSFLKTFKSLKKTVLHTLLKAISS,AISS,22,48,7.973426825349004e-05
GAPKGCWTKSYPPKPCK,KGC,3,6,0.0004715204801565657
RQIKIWFQNRRLKWKK,NRRL,8,12,0.00034290890653210226
KKKKGIGKFLHSAKKFGKAFVGEIMNS,KKKKGIGKFLHSAKKF,0,16,0.00043451277906569885
GEYCGESCYLIPCFTPGCYCVSRQCVNKN,PGC,15,18,0.0007044305869688591
FIGGLRRLFATVVGTVVGAINKLGGG,GAIN,17,21,0.00040268927477882244
SLLDTFKNLAVNAAKSAGVSVLNALSCKISRTC,LAV,8,11,0.0009468702094939848
SLLDTFKNLAVNAAKSAGVSVLNALSCKISRTC,CKI,26,29,0.00015225021343212575
GLPVCGETCFGGTCNTPGCACDPWPVCTRD,CFGG,8,12,0.00022082730629335856
GLPVCGETCFGGTCNTPGCACDPWPVCTRD,GCAC,17,21,0.00032277454010909423
AKKVFKRLEKLFSKI,EKL,8,11,0.0004130966905601478
KVQNQHGQVVKIFHH,IFH,11,14,0.0010269967218240101
GKKYRRFRWKFRKGRFWFWG,RFRWK,5,10,0.00038154710637172684
FWGALAKGALKLIGVGSLFSSFSKKD,WGAL,1,5,0.0007713803061051294
FWGALAKGALKLIGVGSLFSSFSKKD,LKL,9,12,0.000850631583792468
FWGALAKGALKLIGVGSLFSSFSKKD,SKKD,22,48,7.074514192376788e-05
LNWGALLKHLLK,GAL,3,6,0.0008834076191609105
WRKIWRPGIKRWIK,WIK,11,37,1.5579038098132096e-05
KWKSFLKTFKSAKKTGLHTALKAISS,GLHTALKA,15,23,0.00040432788591715507
VFQFLGKIIHHVGNFVAGFSAVF,QFLG,2,6,0.0005244657004368491
SMLSVLKNLGKVGLGFVACKIKKQC,LGF,13,16,0.0026502113323658705
SMLSVLKNLGKVGLGFVACKIKKQC,CKIKKQC,18,44,0.00021251705038594082
KLKFPKLKFP,LKF,6,9,0.000903456142016997
FLSLIPHAINAVSAIAKHN,FLSL,0,4,0.00023713888731435873
FLSLIPHAINAVSAIAKHN,IAK,14,17,0.0006292548714554869
GLLDTFKNMALNAAKSAGVSVLNALSCKLSKTC,ALNA,9,13,0.0011459770685178228
GLLDTFKNMALNAAKSAGVSVLNALSCKLSKTC,LSC,24,27,0.0009966216942605872
ILELAGNAARDNKKTRIIPRHLQL,LEL,1,4,0.00013302197476150468
ILELAGNAARDNKKTRIIPRHLQL,ARDNKK,8,14,8.141376414035524e-05
ILELAGNAARDNKKTRIIPRHLQL,PRH,18,21,0.00011803984671132639
KWKLFKKIGIGAVLKVLTTG,VLTTG,15,41,0.00019287984468974173
GFGCPFNQGACHRHCRSIGRRGGYCAGLFKQTCTCYSR,CPF,3,6,0.0004498184813807408
GFGCPFNQGACHRHCRSIGRRGGYCAGLFKQTCTCYSR,QTCT,30,34,0.00043738479598687263
HFLGKLVNLAKKIL,NLA,7,10,0.0010544421578136582
GVLSNVIGYLKKLGTGALNAVLKQ,LKK,9,12,0.001026797709831347
GVLSNVIGYLKKLGTGALNAVLKQ,NAV,18,21,0.0005769724763619403
FLGALFKALSKLL,GALF,2,6,0.0013489840494003147
LLGDFFRKSKEKIGKEFKRIVQRIKDFLRNLVPRTES,FLRNLVPRTES,26,57,0.00011613936975106387
AQKIISTIGKLPKWIIKTVNKFTKK,KIIS,2,6,0.00011566011016839184
AKHQGLPQE,QGL,3,6,0.000549992963594074
FRCRRRFCRF,RRF,4,7,0.0002255410460444788
KQRWLWLW,LWLW,4,30,0.00012431239771943254
FFHHVFRGIVHVGKTIHRLVTG,VGKTI,11,16,0.0006226608587894588
FFHHVFRGIVHVGKTIHRLVTG,LVT,18,21,0.0003498657897580415
KAIAKSILKWIKSIAKAI,IAK,2,5,0.0002583775349194184
KAIAKSILKWIKSIAKAI,IKSIAK,10,16,0.00026068542259357247
YKQCHKKGGHCFPKEKICLPPSSDFGKMDCRWRWKCCKKGSG,KGGHCF,6,12,0.0002722994019374407
YKQCHKKGGHCFPKEKICLPPSSDFGKMDCRWRWKCCKKGSG,RWKC,32,36,0.0003334327011543792
GLNALKKVFQPIHEAIKLINNHVQ,PIH,10,13,0.00016031748479387412
GILGNIVGMGKQVVCGLSGLC,ILGN,1,5,0.0011787501134676859
KPKGMTSSQWFKIQHMQPSPQASNSAMKNINKHTKRSKDLNTFLH,PKGMTSS,1,8,0.00019418973326017813
KPKGMTSSQWFKIQHMQPSPQASNSAMKNINKHTKRSKDLNTFLH,HTKR,32,36,0.0005004055128665641
PHVALKPGKLKFIIPSPKRPVKLLSG,LKF,9,12,0.00033164590179997805
PHVALKPGKLKFIIPSPKRPVKLLSG,KRP,17,20,0.0004573185190868874
GLFDIVKKVVGALGSL,GSL,13,39,8.242321088731002e-05
FPVTWPTKWRKG,WPT,4,7,0.000998420175164938
AAHCIALRKGYK,IALR,4,8,0.0006389886802935507
HLHFPHLHFP,LHF,1,4,0.0002642099667961399
GFLGPLLKLGLKGVAKVLPHLIPSRQQ,GPLLKLGLK,3,12,0.0007322757786217456
ILGKVWEGVKSLF,ILG,0,3,0.0006491066645442819
GFLSILKKVL,KVL,7,33,5.656398626832435e-05
FKIPPIVKDTLKKFFKGGIAGVMGQ,GGIA,16,20,0.00027165610663359985
GIGTKILGGVKTALKGALKELASTYAN,LGGVK,6,11,0.0009563595522195101
GVVDILKGAAKDLAGHLATKVMNKL,VVD,1,4,0.00033815457330395776
GVVDILKGAAKDLAGHLATKVMNKL,GHL,14,17,0.0002537118465018769
KKLALALAKKWLPLAKKLALALAKK,LPLAKKLALA,11,21,0.00012750810346915387
RKRWWWWFR,WFR,6,32,6.410246938825227e-05
GIRDVLKGAAKAFVKTVAGHIAN,VAGH,16,20,0.001251961148227565
ACVNQCPDAIDRFIVKDKGCHGVEKKYYKQVYVACMNGQHLYCRTEWGGPCQL,CHG,19,22,8.01950858052199e-05
ACVNQCPDAIDRFIVKDKGCHGVEKKYYKQVYVACMNGQHLYCRTEWGGPCQL,ACMNGQ,33,39,0.00011192092036556763
FFGRLKSVWSAVKHGWKAAKSR,GRLKS,2,7,0.0005472682591062039
FFGRLKSVWSAVKHGWKAAKSR,SAV,9,12,0.00019812424337336174
FFGRLKSVWSAVKHGWKAAKSR,AAKS,17,21,0.0003128566750092432
FLPIIAKLLGGLL,LGG,8,11,0.001003942719156233
GIGKFLHSAGKFGKAFLGEVMKS,LHSAGKF,5,12,0.0005259693186547208
GIGKFLHSAGKFGKAFLGEVMKS,FLGEVMKS,15,46,9.974699764091881e-05
RLWRIVVIRVKR,VKR,9,35,4.8162928858521176e-05
KWWVFRVVYPRIVYRRVRWK,VFR,3,6,7.921709766378626e-05
KWWVFRVVYPRIVYRRVRWK,RWK,17,43,1.6363402559923437e-05
PLPFPRPGPRPIPRPLPFPRPGPRPIPRP,LPFPRPGPR,1,10,0.00012671338400751766
PLPFPRPGPRPIPRPLPFPRPGPRPIPRP,LPF,15,18,0.0004055264459263223
YETLIASVLGKLTGLWHNNSVDFMGHTCHFRRRPKVRKFKLYHEGKFWCPGWAPFEGRSRTKSRSGSSREAIKDFVRKALQNGLITQQDATVWVN,GKFWCPG,44,51,9.514743942418136e-05
YETLIASVLGKLTGLWHNNSVDFMGHTCHFRRRPKVRKFKLYHEGKFWCPGWAPFEGRSRTKSRSGSSREAIKDFVRKALQNGLITQQDATVWVN,PFE,53,56,0.00012037085252813995
YETLIASVLGKLTGLWHNNSVDFMGHTCHFRRRPKVRKFKLYHEGKFWCPGWAPFEGRSRTKSRSGSSREAIKDFVRKALQNGLITQQDATVWVN,SGS,64,67,0.00020948420569766313
YETLIASVLGKLTGLWHNNSVDFMGHTCHFRRRPKVRKFKLYHEGKFWCPGWAPFEGRSRTKSRSGSSREAIKDFVRKALQNGLITQQDATVWVN,QNG,80,83,9.528436203254387e-05
YETLIASVLGKLTGLWHNNSVDFMGHTCHFRRRPKVRKFKLYHEGKFWCPGWAPFEGRSRTKSRSGSSREAIKDFVRKALQNGLITQQDATVWVN,QQDATVWVN,86,95,0.00015831005253453946
GPIRRPKPRPRQRPE,RPRQRPE,8,38,3.3234590955544266e-05
LKAAAAAAKLAAKAAKAALKAAAAAAKL,AAA,21,24,7.017401064028188e-05
SPAIWGCDSFLGYCRLACFAHEASVGQKECAEGMLCCIPNVF,DSF,7,10,0.0005927809155158078
QGVRNHVTCRINRGFCVPIRCPGRTRQIGTCFGPRIKCCRSW,CRI,8,11,0.00010779048898257315
QGVRNHVTCRINRGFCVPIRCPGRTRQIGTCFGPRIKCCRSW,GFC,13,16,0.0002987537785278012
QGVRNHVTCRINRGFCVPIRCPGRTRQIGTCFGPRIKCCRSW,IRCPGRTR,18,26,0.0002731915046751965
NRLARHFRDIAGRVNQRL,NRLA,0,4,0.00036893192009301856
KVGKGSYPCSFVKVVAKVSV,VGK,1,4,0.00011158168490510434
KVGKGSYPCSFVKVVAKVSV,VKVVA,11,16,0.0002527696662582457
GLGSVFGRLARILGRVIPKVAKKLGPKVAKVLPKVMKEAIPMAVEMAKSQEEQQPQ,RLA,7,10,0.00015744106106770536
GLGSVFGRLARILGRVIPKVAKKLGPKVAKVLPKVMKEAIPMAVEMAKSQEEQQPQ,KEAI,36,40,0.00017127844876085874
GLGSVFGRLARILGRVIPKVAKKLGPKVAKVLPKVMKEAIPMAVEMAKSQEEQQPQ,KSQ,47,50,0.00014905586916332444
LPVVFRVASKVFPALISKLT,LISKLT,14,40,0.00021749544472326167
VKLKYPVKLYP,YPVKL,4,9,0.0008146226755343378
RLKKIGKVLKWI,LKW,8,11,0.00047954066152063507
GNNRPVYIPKPRPPHPRI,GNNRP,0,5,0.0008538075257092714
LKKWLKKWLKK,LKK,4,7,0.00010411510932802533
GWFKKAWRKVKNAGRRVLKGVGIHYGVGLI,LKG,17,20,0.00010714068775996566
GWFKKAWRKVKNAGRRVLKGVGIHYGVGLI,VGL,26,29,0.0006191402353579178
ALWKNMLKGIGKLAGKAALGAVKKLVGAES,KLA,11,14,0.0004037701097937922
ALWKNMLKGIGKLAGKAALGAVKKLVGAES,GAE,26,29,0.0010252359449320163
GVCRCVCRRGVCRCVCRR,CRR,15,41,2.0989424228901044e-05
FLGALFKVASK,VAS,7,10,0.0005955832166364416
FWGALFKVASK,VAS,7,10,0.000626686077642565
YVLLKRKRLIFI,LIFI,8,34,0.00015609093064155715
GALFKVASKVL,GALF,0,4,0.0006564209688804112
SWKSMAKKLKEYMEKLKQRA,SMAK,3,7,0.00018833462127076928
GLVGTLLGHIGKAILS,LLGHIGKAI,5,14,0.0009445665637031198
ILPWKWPWWPARR,PAR,9,12,0.00016404688358306885
SMLSVLKNLEKVELEFVACKINKQC,LEFVACKI,13,21,0.00041292000605608337
GWWRRTVDKVRNAGRKVAGFASKACGALGH,DKVR,7,11,0.0008518595641362481
GWWRRTVDKVRNAGRKVAGFASKACGALGH,VAGFASKA,16,24,0.0004452798548300052
LAAKLTKAATKLTAALTKLAAALT,AAA,19,22,0.00013371958387627578
FLGALWKVAKSVF,AKSV,8,12,0.000788799676229246
GFRKRFNKLVKKVKHTIKETANVSKDVAIVAGSGVAVGAAMG,VGAAMG,36,62,0.00010198046080544233
VALNENLLR,NENLLR,3,29,9.402414434589446e-05
KSLVRRWRSRW,SLVRR,1,6,0.0006366073299432174
FRIRVRVKWKLFKKI,VRV,4,7,0.0005998905883946767
KVFIATLVVSSFLLAKPPRV,SFLL,10,14,0.00013958521958556958
FRKLFRVYSNFLRGKLKL,FLR,10,13,0.0003741883556358516
KKLGEPSCNKLK,KLG,1,4,0.00011306902645931889
LRPAILVRTK,RTK,7,33,4.43750726005349e-05
GILDTLKQFAKGVGKDLVKGAAQGVLSTVSCKLALTC,KGA,18,21,0.0005119708657730371
GILDTLKQFAKGVGKDLVKGAAQGVLSTVSCKLALTC,ALTC,33,59,0.00013609113655268
KKKFFFFFKKK,KKKF,0,4,0.00011343681399011984
KSGGGGWGSGGGGGGGGGWWWSGWGVDR,WGSGG,6,11,0.0002560744644142687
KQKWLWLW,WLWLW,3,29,0.00020860612970024633
GVLGTVKNLLIGAGKSAAQSVLKTLSCKLSNDC,KSA,14,17,0.0005033046860868732
GVLGTVKNLLIGAGKSAAQSVLKTLSCKLSNDC,TLS,23,26,0.0010939740459434688
GPLSCGRNGGVCIPIRCPVPMRQIGTCFGRPVKCCRSW,GVCI,9,13,0.00014341733731271233
GPLSCGRNGGVCIPIRCPVPMRQIGTCFGRPVKCCRSW,PVPMRQIGT,17,26,0.00048196123680099845
GPLSCGRNGGVCIPIRCPVPMRQIGTCFGRPVKCCRSW,GRP,28,31,0.00045820970747930306
GLFDVIKKVASVIGGL,IGGL,12,38,0.00016001601873610454
SKVWRHWRRFWHRAHRKK,SKV,0,3,0.0005474419352443268
IPAMEPAARVKRSPGYGGCSPRWACGGYG,GGCS,16,20,0.0003618193950387649
IPAMEPAARVKRSPGYGGCSPRWACGGYG,ACGG,23,27,0.0003471479103609454
LRWTPTPSYPRYPTRSRGSRWSR,LRW,0,3,0.00014308900911904251
ILPYKYPYYPYRR,LPYKY,1,6,0.0011767780175432562
GGLIKIVPAMICAVTKKC,KKC,15,41,9.630878916001305e-05
VCWRIRVAVIRA,VIR,8,11,0.00028691116798048216
KGRGKQGGKVRAKAKTRSS,RAKA,10,14,0.0007908512197900563
GLPLLISWIKRKRQQ,LPL,1,4,0.00028021021231931326
PKVTITIQGSARF,TIT,3,6,0.0003371438918596444
LVNQLGISKSLANTILGAIAVGNLASWLLALVPGPGWATKAALATAETIVKHEGKAAAIAW,KSLANTILGAIAVGNL,8,24,0.0004312698793000891
LVNQLGISKSLANTILGAIAVGNLASWLLALVPGPGWATKAALATAETIVKHEGKAAAIAW,LLALVPGPG,27,36,0.00022479003382613882
LVNQLGISKSLANTILGAIAVGNLASWLLALVPGPGWATKAALATAETIVKHEGKAAAIAW,ATAE,43,47,0.0004108305074623786
GVWSTVLGGLKKFAKGGLEAIVNPK,GGLEAIVNPK,15,48,0.00017667791689746082
FPLTWPTKWWKG,PLTW,1,5,0.0010171684552915394
RKRLKWWIY,WIY,6,32,5.2129934864261974e-05
GFKRIVQRIKDFLRNLV,FLRNLV,11,37,0.00017513732690041742
AWLDKLKSLGKVVGKVALGVAQNYLNPQQ,LGK,8,11,0.0005303658933068315
HFLGTLKNLAKKIL,NLAK,7,11,0.0007276201504282653
GALFKVASKVLPS,GALFKV,0,6,0.0003324870510065618
NGNLLGGLLRPVLGVVKGLTGGLGKK,GNLLGGLLRPVL,1,13,0.0005127054955664789
NGNLLGGLLRPVLGVVKGLTGGLGKK,GLGK,21,25,0.0007370499661192298
WGIRRILKYGKRS,KRS,10,36,1.7789990614311628e-05
KKYRYHLKPFCKK,FCKK,9,35,1.8871523095115732e-05
GILSSIKGVAKGVAKNVAAQLLDTLKCKITGC,LLD,20,23,0.0004074624545561771
KWKLFKKIPKFLHL,KFL,9,12,0.0010378228810926278
SIPCGESCVFIPCTVTALLGCSCKSKVCYKN,IPCTVTA,10,17,0.000595003944389256
SIPCGESCVFIPCTVTALLGCSCKSKVCYKN,KVC,25,28,0.0003764465994512041
GIFTLIKGAAKLIGKTVAKEAGKTGLELMACKITNQC,KTVAK,14,19,0.00205827453173697
GIFTLIKGAAKLIGKTVAKEAGKTGLELMACKITNQC,CKITN,30,35,0.0008248494705185294
GLFEVIKKVASVIGGL,ASVIGGL,9,35,0.00017830979105873176
ALWMTLLKKVLK,MTL,3,6,0.00047716730235454935
PYSLKNGENWLLSEEIIRYP,SLKN,2,6,0.0002136595703632338
PYSLKNGENWLLSEEIIRYP,LLS,10,13,0.00025410282736023265
PRPPRLPRPRPRPLPFPRPG,RPLPFPRPG,11,43,0.0001744035698720836
CWSCMGHSCWSCMGHSCWSCAGHSCWSCMGHSCWSCMGHSCWSCAGHCCGSCWHGGM,CAGHS,19,24,0.00012745899730361998
CWSCMGHSCWSCMGHSCWSCAGHSCWSCMGHSCWSCMGHSCWSCAGHCCGSCWHGGM,CAGHCCGS,43,51,0.0002450958700137562
GVVDILKGAAKAIAGHLASKVMNKL,IAG,12,15,0.0019590200778717795
GVVDILKGAAKAIAGHLASKVMNKL,SKV,18,21,0.0008442362692827979
GRKKRRQRRRGGWMWVTNLRTD,NLR,17,20,0.0003718299703905359
ILGPVLGLVSNTLDDVLGIL,GPVLG,2,7,0.0018914920277893544
ILGPVLGLVSNTLDDVLGIL,DDVLGIL,13,39,0.000361224828968541
GIGKFLHSAKKFGKAFVGEIMNSGGC,SAKKF,7,12,0.0009627976105548441
GIGKFLHSAKKFGKAFVGEIMNSGGC,GEI,17,20,0.0005044745048508048
GIGKFLHSAKKFGKAFVGEIMNSGGC,GGC,23,49,8.320028092174862e-05
GFKAIVQRIKDFLRNLV,FLRN,11,15,0.0012878396519226953
KFRRFVRFI,VRF,5,8,0.0001426942083829393
WHWTWLRIRKKLR,LRIRKKLR,5,35,5.381013713000963e-05
KWWKIWRWR,KIW,3,6,0.0011576353669321786
FLPILAGLAAKIVPKLFCLATKKC,GLA,6,9,0.0003170311198725055
FLPILAGLAAKIVPKLFCLATKKC,IVPKLFC,11,18,0.0008319371866361637
FLPILAGLAAKIVPKLFCLATKKC,KKC,21,47,8.421502291009977e-05
KKIMRTFLRRISKDILTGKK,FLRRISKDI,6,15,0.00024304226018203836
SLFSIFKTAAKFVGKNLLKQAGKAGLETLACKAKNEC,LETLACKA,25,33,0.001346955668850569
RFIYMKGFGKPRFGKR,RFIY,0,4,0.00035546828439692035
RFIYMKGFGKPRFGKR,GFG,6,9,0.000500356147919471
FAKKLAKLAKKLAKLAL,AKLAL,12,38,2.066200557657374e-05
RGGRLYRRRFVVGR,YRRR,5,9,0.0003094956118729897
KWKSFLKTFKVAVKTVLHTALKAISS,VLHTALKA,15,23,0.00034310266346437857
FGVLAKVAAHVVPAIAEHF,FGVL,0,4,0.0006094187265262008
FGVLAKVAAHVVPAIAEHF,AIAEH,13,18,0.00045614794944413004
ILPLKLPWLPLRR,PLR,9,12,0.0005438817024696618
SRWPSPGRPRPFPGRPKPIF,PRPFP,8,13,0.0004174701665760949
IKFEPPLPPKKAHKKFWEDDGIYYPPNHNFP,NFP,28,54,7.658097848224525e-05
INWLKLGKKLLSAL,KLGK,4,8,0.0014368337651831098
GMWSKIKETAMAAAKEAAKAAGKTISDMIKQ,ETAM,7,11,0.0008567647892050445
GMWSKIKETAMAAAKEAAKAAGKTISDMIKQ,KAAG,18,22,0.0009613693364372011
GMWSKIKETAMAAAKEAAKAAGKTISDMIKQ,MIK,27,30,0.0007156244634340206
GIFSKISGKAIKNLFIKGAKNVGKRVGMDVVRTGMDVVGCKIKGEC,KNL,11,14,0.0007985848448394487
GIFSKISGKAIKNLFIKGAKNVGKRVGMDVVRTGMDVVGCKIKGEC,GEC,43,69,1.5155718966315571e-05
FFPSIAGLAAKFLPKIFCSITKRC,IAGL,4,8,0.00019622095351223834
GFFSTVKNLATNVAGTVIDTLKCKVTGGCRS,TVK,4,7,0.00019324578170198947
GFFSTVKNLATNVAGTVIDTLKCKVTGGCRS,TLKC,19,23,0.001316602254519239
LNWGAILKHIKK,GAI,3,6,0.0005236446547011534
LNWGAILKHIKK,IKK,9,35,2.029630559263751e-05
HTASDAAAAAALTAANAAAAAAASMA,HTASD,0,5,0.00023349980765487998
HTASDAAAAAALTAANAAAAAAASMA,AAL,9,12,7.04288759152405e-05
GVAKFGKAAAHFGKGWIKEMLNS,LNS,20,46,3.4743290878115935e-05
FLSLIPAAISAVSALANHF,FLS,0,3,0.0005302197144677242
FLSLIPAAISAVSALANHF,AAI,6,9,0.001555722071013103
ITIPPIIKDTLKKFFKGGIAGVMGKSQ,IKDTLKKF,6,14,0.00023538037385151256
ITIPPIIKDTLKKFFKGGIAGVMGKSQ,GGIAG,16,21,0.0003363953088410199
GIGAVLGVLTTGLPALISWIKRKRQQ,LGVLTTGLPA,5,15,0.0007406382268527522
HRHRHRHRHR,HRH,6,9,0.0005148981059998429
KAAAKWAAKAAK,AKA,7,10,0.0006180983182275668
GAIKDALKGAAKTVAVELLKKAQCKLEKTC,KDA,3,6,0.0009957942529581487
PRPPRLPRPRPRPLPFPRPGPRPIPRPLPFP,RPLPF,11,16,0.0006549302604980766
PRPPRLPRPRPRPLPFPRPGPRPIPRPLPFP,LPF,27,30,0.0005885779585999747
VTCDILSVEAKGVKLNDAACAAHCLFRGRSGGYCNGKRVCVCR,GVK,11,14,0.0003778161092971762
VTCDILSVEAKGVKLNDAACAAHCLFRGRSGGYCNGKRVCVCR,ACAA,18,22,0.00017219332221429795
VTCDILSVEAKGVKLNDAACAAHCLFRGRSGGYCNGKRVCVCR,RGR,26,29,0.0005243402362490693
EVEPSDTIENVKAKIQ,VKA,10,13,0.00014797896922876438
VAIYGRDDRSDVCRQVQHNWLVCDTY,VAIY,0,4,0.00027976073033642024
VAIYGRDDRSDVCRQVQHNWLVCDTY,CDT,22,25,0.00041672953132850427
GGLRSLGRKILRAWKKYGPQATPATRQ,RSLG,3,7,0.0007640301882929634
GGLRSLGRKILRAWKKYGPQATPATRQ,ILR,9,12,0.0007382243250807127
GGLRSLGRKILRAWKKYGPQATPATRQ,ATPA,20,24,0.0004341278108768165
GANAAKKFATIAKKFINYLW,TIAKKFIN,9,17,0.0004731370509034605
RKKRWWRRKK,RRK,6,9,0.0004916378626755128
GFLSILKKVLGKVMAHMK,AHM,14,17,0.000213860049067686
NWRKILGQIASVGAGLLGSLLAGYE,IAS,8,11,0.00032623918377794325
NWRKILGQIASVGAGLLGSLLAGYE,LGSLLAG,16,23,0.0005078879351328526
RGLRRLGRKIAHGVKKYGPTVLRIIRIAGKKTWWKTWWTKWSQPKKKRKV,RLGR,4,8,0.00016393793339375407
RGLRRLGRKIAHGVKKYGPTVLRIIRIAGKKTWWKTWWTKWSQPKKKRKV,IRI,24,27,0.0002523428702261299
LIKRK,LIK,0,3,0.00023606356626260094
FLSLIPHIVSGVASLAIHF,IHF,16,42,1.6871264961082488e-05
QHSSGKSDVRRW,VRR,8,11,0.0002938362304121256
GILKSLLKKLKKIIAK,IAK,13,39,4.5538915751072076e-05
LKKLKGRVSRSFLFFVKLRPAKRTLKKRIL,RSFLFF,9,15,0.0002092241538775852
RGGRLTYTRPRFTVTVGR,RLT,3,6,0.000399511094049861
KYYCRVRGGRCAVLSCLPKEEQIGKCSTRGRKCCRRKK,AVL,11,14,0.0003802473802352324
KYYCRVRGGRCAVLSCLPKEEQIGKCSTRGRKCCRRKK,EQI,20,23,0.00014164733390013376
KYYCRVRGGRCAVLSCLPKEEQIGKCSTRGRKCCRRKK,STRGRKCC,26,34,0.0002563372618169524
WRKLWRPGLKRWLK,RKL,1,4,0.0003011191098873193
WRKLWRPGLKRWLK,LKRWLK,8,34,8.305724622914568e-05
RWCGYAYVRVRGVLVRYRRCW,GYAY,3,7,0.00027013123690267093
RWCGYAYVRVRGVLVRYRRCW,RCW,18,44,1.4171829836693807e-05
VWRHWRRFWH,RFWH,6,32,7.547549466835335e-05
GLLSGILGAGKRIVCGLSGLC,GIL,4,7,0.0011707993495898943
GFMKYIGPLIPHAVKAISKLI,AVK,12,15,0.000557529468399783
HKLGTLVNLAKKIL,KLG,1,4,0.0012267049363193412
HKLGTLVNLAKKIL,NLA,7,10,0.002142098693487545
YPELQQDLIARLL,DLI,6,9,0.0003054188661432515
